Datetime,Water Level (m)
2025-04-10 18:00:00,-5.101
2025-04-10 19:00:00,-5.101
2025-04-10 20:00:00,-5.101
2025-04-10 21:00:00,-5.101
2025-04-10 22:00:00,-5.101
2025-04-10 23:00:00,-5.101
2025-04-11 00:00:00,-5.101
2025-04-11 01:00:00,-5.101
2025-04-11 02:00:00,-5.101
2025-04-11 03:00:00,-5.101
2025-04-11 04:00:00,-5.101
2025-04-11 05:00:00,-5.101
2025-04-11 06:00:00,-5.101
2025-04-11 07:00:00,-5.101
2025-04-11 08:00:00,-5.101
2025-04-11 09:00:00,-5.101
2025-04-11 10:00:00,-5.101
2025-04-11 11:00:00,-5.101
2025-04-11 12:00:00,-5.101
2025-04-11 13:00:00,-5.101
2025-04-11 14:00:00,-5.101
2025-04-11 15:00:00,-5.101
2025-04-11 16:00:00,-5.101
2025-04-11 17:00:00,-5.101
2025-04-11 18:00:00,-5.101
2025-04-11 19:00:00,-5.101
2025-04-11 20:00:00,-5.101
2025-04-11 21:00:00,-5.101
2025-04-11 22:00:00,-5.101
2025-04-11 23:00:00,-5.101
2025-04-12 00:00:00,-5.101
2025-04-12 01:00:00,-5.101
2025-04-12 02:00:00,-5.101
2025-04-12 03:00:00,-5.101
2025-04-12 04:00:00,-5.101
2025-04-12 05:00:00,-0.036449846
2025-04-12 06:00:00,-5.101
2025-04-12 07:00:00,0.12084213
2025-04-12 08:00:00,0.11517756
2025-04-12 09:00:00,0.11918033
2025-04-12 10:00:00,0.12240267
2025-04-12 11:00:00,0.12545437
2025-04-12 12:00:00,0.12866738
2025-04-12 13:00:00,0.1282918
2025-04-12 14:00:00,0.13313128
2025-04-12 15:00:00,0.14286523
2025-04-12 16:00:00,0.14486794
2025-04-12 17:00:00,0.14561713
2025-04-12 18:00:00,0.14757113
2025-04-12 19:00:00,0.1474006
2025-04-12 20:00:00,0.14872618
2025-04-12 21:00:00,0.14984517
2025-04-12 22:00:00,0.15197614
2025-04-12 23:00:00,0.15454854
2025-04-13 00:00:00,0.15796706
2025-04-13 01:00:00,0.16195786
2025-04-13 02:00:00,0.1646293
2025-04-13 03:00:00,0.16718291
2025-04-13 04:00:00,0.1692073
2025-04-13 05:00:00,0.17042209
2025-04-13 06:00:00,0.17204705
2025-04-13 07:00:00,0.17329592
2025-04-13 08:00:00,0.17909065
2025-04-13 09:00:00,0.18436193
2025-04-13 10:00:00,0.19414333
2025-04-13 11:00:00,0.2007972
2025-04-13 12:00:00,0.19771935
2025-04-13 13:00:00,0.19758008
2025-04-13 14:00:00,0.19450474
2025-04-13 15:00:00,0.19738586
2025-04-13 16:00:00,0.2011481
2025-04-13 17:00:00,0.20302299
2025-04-13 18:00:00,0.20373783
2025-04-13 19:00:00,0.20712633
2025-04-13 20:00:00,0.21096528
2025-04-13 21:00:00,0.21486515
2025-04-13 22:00:00,0.21839458
2025-04-13 23:00:00,0.22168514
2025-04-14 00:00:00,0.22387165
2025-04-14 01:00:00,0.2261536
2025-04-14 02:00:00,0.22793774
2025-04-14 03:00:00,0.23043531
2025-04-14 04:00:00,0.23253159
2025-04-14 05:00:00,0.23501596
2025-04-14 06:00:00,0.2371622
2025-04-14 07:00:00,0.23919447
2025-04-14 08:00:00,0.24091764
2025-04-14 09:00:00,0.24249986
2025-04-14 10:00:00,0.24402344
2025-04-14 11:00:00,0.24509925
2025-04-14 12:00:00,0.24724986
2025-04-14 13:00:00,0.2533743
2025-04-14 14:00:00,0.26238844
2025-04-14 15:00:00,0.2680785
2025-04-14 16:00:00,0.26953036
2025-04-14 17:00:00,0.27185193
2025-04-14 18:00:00,0.2727683
2025-04-14 19:00:00,0.27167597
2025-04-14 20:00:00,0.27158388
2025-04-14 21:00:00,0.2727169
2025-04-14 22:00:00,0.2728039
2025-04-14 23:00:00,0.27400213
2025-04-15 00:00:00,0.27570352
2025-04-15 01:00:00,0.27864242
2025-04-15 02:00:00,0.2815868
2025-04-15 03:00:00,0.28345922
2025-04-15 04:00:00,0.28482738
2025-04-15 05:00:00,0.28592706
2025-04-15 06:00:00,0.28692532
2025-04-15 07:00:00,0.2879189
2025-04-15 08:00:00,0.28954908
2025-04-15 09:00:00,0.29427356
2025-04-15 10:00:00,0.30902824
2025-04-15 11:00:00,0.3120564
2025-04-15 12:00:00,0.29922843
2025-04-15 13:00:00,0.29959017
2025-04-15 14:00:00,0.30169073
2025-04-15 15:00:00,0.3070817
2025-04-15 16:00:00,0.3085511
2025-04-15 17:00:00,0.30831197
2025-04-15 18:00:00,0.3087419
2025-04-15 19:00:00,0.30916956
2025-04-15 20:00:00,0.30907732
2025-04-15 21:00:00,0.3088092
2025-04-15 22:00:00,0.30871442
2025-04-15 23:00:00,0.30889985
2025-04-16 00:00:00,0.30998424
2025-04-16 01:00:00,0.31193456
2025-04-16 02:00:00,0.31454706
2025-04-16 03:00:00,0.31689128
2025-04-16 04:00:00,0.31871742
2025-04-16 05:00:00,0.32013842
2025-04-16 06:00:00,0.32115394
2025-04-16 07:00:00,0.3213433
2025-04-16 08:00:00,0.32153618
2025-04-16 09:00:00,0.32249686
2025-04-16 10:00:00,0.32973307
2025-04-16 11:00:00,0.3416142
2025-04-16 12:00:00,0.33824825
2025-04-16 13:00:00,0.34025207
2025-04-16 14:00:00,0.34641132
2025-04-16 15:00:00,0.34035107
2025-04-16 16:00:00,0.336895
2025-04-16 17:00:00,0.33664253
2025-04-16 18:00:00,0.33758402
